{
  "home": {
    "shoulder_pan.pos": 21.029668411867377,
    "shoulder_lift.pos": -11.195286195286187,
    "elbow_flex.pos": -34.233018443544765,
    "wrist_flex.pos": 100.0,
    "wrist_roll.pos": -46.84731631057842,
    "gripper.pos": 2.467232074016962
  }
}